English ,Oshiwambo ,Aa-ndonga ,Aa-kwambi ,Aa-mbalanhu ,Aa-kwaluudhi ,Aa-kwanyama,Aa-ngandjera,Aa-mbandja
me,Ame,Ngame,Ngaye,Aame,Amee,Ame,Ngaye,Ame
you(single),Ove,Ngoye,Ngwee,Oye,Oye,Ove,Ngwee,ove
she/he,ye,Ye,Ye,Ye,Ye,Ye,Ye,ye/yeeye
us,Fyee,Tse,Se,Se,Se,Fye,Tse,she/sheeshe
you(prural),Amushe ,Ne,Ne amushe,Nye,Amuhe,Nye,Ne,nye/nyeenye
they,Voo,Yo,yo,Yo,Yoo,Vo,Yo,vo/voovo
mom,Meme,Meme,Meme,meme,meme,Meme,Meme,meme
father,Tate,Tate ,Tate,tate,tate,Tate,Tate,Tate
sister,Omwaina kadona ,Omumwaamemekadhona,Omwamemekadhona,Omumwamemekavona,Omumwamemekadhona,Mumwamemekadhona,Omwamemekadhona,Om'mwameme-kadona
brother,Omwaina mati ,Omumwaamememati,Omwaamememati,Omumwamememati,Omumwamemekadhona,Mumwamememati,Omwamememati,om'mwameme-mati
siblings,Umweinafana,Aamwayinathana,Aamwahinathana,Aamwayinafana,Aamwayinathana,Aamwainafana,Amwainathana,aamwaina
cousins,Onhu adala kumweina wameme or Tate woye ,Omumwaameme,Ontu avalwa komahinagwahina nenge komahinagwashe,omwameme,Aamwayinathana,Mumwameme,Aakwetu/akwawo,m'mwameme
grandfather,Tatekulu ,Kuku-gosane,Tatekulu,tatekulu,Tatekulu,Tatekulu,Tate/Tatekulu,Tatekulu
Nephew,Okatekulu kokamati ,okamwanamatigona,Okatekulu kokamati,omutekulu gwomumati,Omwanamatigona,Mutekulu-mati,Omutekulumati/omwandje,Om'tekulu
niece,Okatekulu kokakadona,okamwanakadhonagona,okatekulu kokakadhona,omutekulu womukavona,omwanakadhonagona,Mutekulu-kadhona,Omutekulukadhona/omwandje,om'tekulu
father in law,Tate mweno ,tatemweno,Tatemweno,tatemweno,Tatemweno,Tatemweno,Tatemwenyo,tatemweno
friends,Oofelende,Okuume,Ookuumekandje,Ookaume,Ookuume,Oo-kaume,Ookuume,ookaumhe
mother in law,Mee mweno,Mweemeno,Meemweno,meemweno,Meemweno,Mememweno,Meemwenyo,meemweno
good/fine,Nawa,Nawa,Nawa,Nawa,Nawa,Nawa,Onawa,Onawa
morning,Ongula,Ongulonene,Ongula,Ongula,Ongula,Ongula,Ongula,Ongula
during the day,Okuhala ,Omuuhalo,Omutenya,Ontenya,Omutenya,Omutenya,Omutenya,Omutenya
late in the afternoon,Komatango ,Komatango,Komatango,Komatango,Komatango,Komatango,Komatango,Komatango
evening,Onguloshi,Ongulohi,Onguloshi,Ongulohi,Onguloshi,Onguloshi,Onguloshi,Ongulohi
night,Uufiku,Uusiku,Uusiku,Uusiku,Uusiku,Oufiku,Uusiku,oufiku
good morning,Walelepo ,Wa lala po? ,Wa lala po,wanangalapo,Wa lala po?,Wa lele po?,Wa lala po?,Wa lele po?
good afternoon,Wauhalapo ,Wu uhala po,Wu uhala po,wau hala po,Wu uhala po?,Wa uhala po?,Wu uhala po?,Wa uhala po?
good evening,Watokelwapo ,Wa tokelwa po? ,Wa tokelwa po,Wa tokelwa po,Wa tokwelwa po ?,Wa tokelwa po?,Wa tokwelwa po ?,wa tokelwa po?
 how are you,Ngeipi ,Oshi li ngiini,Ongiini,Oshili ngeepi,Ongiini?,Ongaipi ,Ongiini?,Ongaali?
good bye / walk well,Endapo nawa ,Enda po nawa,Enda po nawa,Ondjila nai kale nawa,Enda po nawa,Enda po nawa,Enda po nawa,wa tokelwa po?
stay well/ good bye,Kalapo nawa ,Kala po nawa,Kala po nawa,kala po nawa,Kala po nawa,Kala po nawa,Kala po nawa,Kala po nawa
good night,Ka nangalepo nawa ,Lala po nawa,kalalepo nawa,wau hwala po,Ka lale po nawa,Ka nangale po nawa,Ka lale po nawa,Nangala po nawa
good night,Nangalapo nawa ,Ka lale po nawa,Lalapo nawa,kana ngale po nawa,Lala po nawa,Nangala po nawa,Lala po nawa,Tokelwa po nawa
yes,eeno,Eeno ,Eee,Eee,"Eee, Ee",Ehee / Ee / Heeno,"Eee, Ee",Ee. Eee
no,Ahawe ,Aawe,"Aaye, Ahawe",Aayee,"Ahawe, aaye",Ahowe / Aaye,"Ahawe, aaye",Aaye
yes,Eewa ,Eewa,Eewa,Oshi li nawa,Eewa,Eewa,Eewa,Eewa
I am hungry,Onda fya ondjala ,Onda sa ondjala. ,Onda sa ondjala,Onda sa ondjala,Ondasa ondjala,Onda fya ondjala./,Ondasa ondjala,Onda sha ondjala
thirsty,Onda fya enota ,Onda sa enota,Onda se nota,Onda sa onota,Ondasa enota,Onda fya enota.,Ondasa enota,Onda sha enhota
I amfull,Onda kuta ,Onda kuta,Onda Kuta,Onda kuta,Onda kuta,Onda kuta.,Onda kuta,Onda kuta
I am finished,Onda pwapo ,Onda mana. ,Onda mana,Onda mana,Ondamana,Onda mana,Ondamana,Onda mana
I am tired and want to sleep,"Onda loloka,nda hala ku nangala ","Onda vulwa, Onda hala oku lala",Ondaloloka ondala ndikakothe,"Onda vulwa, onda hala okukofa","Ondavulwa, ondahala okukavululukwapo","Onda loloka, onda hala okukofa.","Ondavulwa, ondahala okukavululukwapo","Onda loloka, Onda hala oku fudapo. "
where is water,Openi pena omeva?,Omeya oge li peni? ,Omeya ogelipeni,Omeya oyeli peni,Omeya ogeli peni,Omeva oku li peni?,Omeya ogeli peni,Omeya okuli peni? 
I don’t eat meat,Iha ndili ombelela ,Iha ndi li onyama ngame,Iha ndili Onyama,Iha ndili ombelela ame,Ihandili onyama,Ihandi li ombelela.,Ihandili onyama,Ihai li ombelela.
I don’t understand,Nghuuditeko ,Kandi ku uvite,Kandi kuuvite,Kandi ku uvite,Kandi uviteko,Kandi udite ko,Kandi uviteko,Kandi udite ko
good food,Iikulya oiwa ,Iikulya iiwanawa noonkondo,IIkulaya IIwanawa,Iikunya oyiwa neeghono,Iikulya iitoye/iikulya iwanawa,Oikulya inyenye! / Oikulya iwa,Iikulya iitoye/iikulya iwanawa,Oikulya 0inyenye! / Oikulya oiwa
,Tangi unene ,Tangi nene,Tangi uunene,Tang unene,Tangi unene,Tangi unene.,Tangi unene,Tangi unene/onda pandula unene
,Nghi shishi ,Kandi shi wo,Kandi Tshitshi,Kandi shiiii,Kandishiwo/kandishishi,Kandi shi shii,Kandishiwo/kandishishi,Kandi shi shii
,Omeva ,Omeya,Omeya,Omeya,Omeya,"Omeva (often ""omeya"")",Omeya,Omeya
,Oshi yaha,Oshiyaha,Oshaasha,Oshaaha,Oshiyasha,Oshiyaxa,Oshiyasha,Oshiyaxa
,Oku kotha /oku lala,Oku kotha,Oku Koth,Oku kofa,Okukotha,Okukofa,Okukotha,Okukofa
,Okulya,Oku lya ,Oku Lya,Oku lya,Okulya,Okulya,Okulya,Okulya
,Okwiiyoga,Okwiiyoga,Okwiikosha,Okwiikoha,Okwiikosha,Okulikosha,Okwiikosha,Oku ikoha 
,Othewa yokwiiyoga,Othewa Yokwii kosha,Othewa Hokwiikosha,Ofewa yokwiikoha,Othewa yokwikosha,Ofewa (yokulikosha),Othewa yokwikosha,Ofewa (yokwiikoha)
,Elehita,Okalehita,Elehite,Okalehite,Okalehite,Okalexita,Okalehite,Okalexita
,Okakopi,okakopi,Okakopi,Okakopi,Ekopi/okakopi,Okakopi/ okaneka,Ekopi/okakopi,Okakopi/ okaneka
,Ombiila,Ombiila,Ombiila,Ombiila,Ombiila,Obiila,Ombiila,Obiila
,Kwathela,Kwathela,Kwathelandje,Kwafela,Ekwatho,Ekwafo,Ekwatho,Ekwafo
,Oshipatululo,oshipatululo,Otjipatululo/Oshapi,Oshapi,Oshapi/oshipatululo,Oshapi / Oshipatululo,Oshapi/oshipatululo,Oshapi
,Osho woo/natango/ishewe,Natango ,Otjowoo/Natango/Itjewe,Natango,Noshowo/natango/endulula,Natango,Noshowo/natango/endulula,Natango
,Oshithima,Oshimbombo,Otjithima Tjomaangu,Oshikulya,Oshithima,Oshifima / Oifima,Oshithima,Oshifima / Oifima
,Onyama ,Onyama,Onyama,Ombelela,Onyama,Ombelela,Onyama,Ombelela
,Omboga,Omboga,Omboga,Ombivi,Omboga,Ombidi,Omboga,Ombidi
,Omboga ya kukuta,Ekaka,Ehanda,Ekaka,Ehanda,Evanda,Ehanda,Evanda
,Oshikombo,Oshikombo,Otshikombo,Oshikombo,Oshikombo,Oshikombo,Oshikombo,Oshikombo
,Ombelela yongobe ,Onyama yongombe,Onyama hongombe,Ombelela yongombe,Onyama yongombe,Ombelela yongobe,Onyama yongombe,Ombelela yongobe
,Ondjuhwa,Ondjuhwa,Ondjushwa,Ahuhwa,Ondjuhwa,Oxuxwa,Ondjuhwa,Oxuxwa
,Ombwa,ombwa ,Ombwa,Ombwa,Ombwa,Ombwa,Ombwa,Ombwa
,Ohi,Oohi,Oshi,Ohi,Oshii,Oshi,Oshii,Ohi
,Ombuku yomepya,Ombuku,Ombuku,Ohmuku,Ombuku,Omhuku,Ombuku,Omhuku
,Efuma,Efuma,Efuma,Efuma,Efuma,Efuma,Efuma,Efuma
,Osopa,Osopa,Osopa,Osopa,Osopa,Oshopa,Osopa,Oshopa
,Omakoloni,Omakololoni,Omakoloni,Omakoloni,Omakoloni,Omakoloni,Omakoloni,Omakoloni
,Olwiishi,Olwiishi,Olwiishi,Olushi,Olwiishi,Olwiishi,Olwiishi,Olwiishi
,Omagadhi gokulya,Omagadhi,Omagadhi Gokulya,Omaavi,Omagadhi,Omaadi,Omagadhi,Omaadi
,Etama ,Etama,Etama,Etama,Etama,Etama / Edama,Etama,Etama / Enyoto
,Omongwa,Omongwa,Omonga,Omogwa,Omongwa,Omongwa,Omongwa,Omongwa
,Okamboloto komomagadhi,Okakuki,Okakuki,Okakuki,Uukuki,Oukuki,Uukuki,Oukuki
,Eyapula,Eyapula,Ehapela,Eyapele,Eyapela/oshihape,Oshiyapela / Eyapela,Eyapela/oshihape,Oshihapele
,Uusila,Uusila,Uusila,Uusila,Uusila,Oufila,Uusila,Oufila
,Osuuka,Osuuka,Osuuka,Osuuka,Osuuka,Osuuka,Osuuka,Osuuka/oshuuka 
,Omahangu,Omahangu,Omahangu,Omahangu,Omahangu,Omahangu,Omahangu,Omahangu
,Ombike,owalende,Ombike,Owalende,Ontaku,Oshikundu / Oshinwa,Ontaku,Oshikundu / 
,Omalovu giilya,omalovu giilya,Omalovu Giilya,Omalovu yiilya,Omalovu/oshumbu,"Omalodu, Otombo, Ombike",Omalovu/oshumbu,"Omalodu, Otombo, Ombike"
,Omboloto,Omboloto,Omboloto,Omboloto,Omboloto,Omboloto,Omboloto,Omboloto
,Ondjema,ondjema,Onjema,Ondjema,Ondjema,Ongema,Ondjema,Ondjema
,Ombuta,ombuta,Ombuta,Ombuta,Ombuta,Ombuta,Ombuta,Ombuta
,Omakunde,omakunde,Omakunde,Omakunde,Omakunde,Omakunde,Omakunde,Omakunde
,Otee,otee,Otee,Otee,Otee,Otee,Otee,Otee
,Okoofi,okoofi,Okoothiwa,Okoofi,Okofi,Okofi,Okofi,Okaofiwa
,Onamunate,onamunate,Onanate,Onaanate,Oshinamunote,Onamunate,Oshinamunote,Onamunate
,Osindo,okasindo,Okasindo,Okanguto,Osido,Olunguto,Osido,Onguto
,Osindo yeke,okafoloko,Okafoloko,Okafoloko,Olufoloko,Ofoloka,Olufoloko,Ofoloko
,Ombele,oshimbele,Ombele,Ombele,Ombele,Ombele,Ombele,Ombele
,Oshikaha,oshikaha,Eke,Onda kuta,Eke,Eke / Eenyala,Eke,Eke / Eenyala
,Oluko,oluko,Oluko,Oluko,Oluko,Oluko,Oluko,Oluko
,Omulilo,omulilo,Olilo,ondilo,Omulilo,Omundilo,Omulilo,Omundilo
,Omulilo gwokuteleka,omulilo,Olilo Gokuteleka,ondilo,Omulilo gokuteleka,Ediko,Omulilo gokuteleka,Edjiko
,Okapalwa,okapalwa,Okapalwa,okapalwa,Okapalwa,Okapalwa,Okapalwa,Okapalwa
,Omashini,Omahini,Omashini,okapalwa,Omashini,Oshini,Omashini,
,Gamena,okugamena,Gamena,okuyamena,Okugamena,oku amena,Okugamena,Okwaamena
,Oha gamene aanona,oha gamene uunona,Ohagamene uunona,ohayamene unona,Ohagamene uunona,Oha amene uunona,Ohagamene uunona,Oha amene ounona 
,Popya,popya,Popya,popya,Popya,popya,Popya,Popya/tumbula
,Onyama,onyama,Onyama,ombelela,Onyama,ombelela,Onyama,Ombelela
,Onda lya onyama mokambiga. ,ondalya onyama mokambiga,Onda Lyamo Onyama Mombiga,ondalya ombelela mokambiya,Ondalya mo onyama mombiga,onda lya ombelela mokambiya,Ondalya mo onyama mombiga,Ondalya mo ombelela mombiya
,Omayeletumbulo,Omayeletumbulo,Omayeletumbulo,omayele tumbulo,Omayeletumbulo,omayeletumbulo,Omayeletumbulo,Omayeletumbulo
,Edhina,edhina,Edhina,evina,Edhina,edhina,Edhina,Edina
,Edhina lyoye ongoye lye. ,Edhina lyoye olye?,Edhina Lyohe ole,evina lyoye oyeelye,Edhina lyoye ongwee le? ,edhina loye ove lye,Edhina lyoye ongwee le? ,Edina loye oove lye? 
,okaana kameme,Okanona kameme ,Okanona kameme,okaana kameme,Omnona gwameme,Okaana ka meme ,Omnona gwameme,Okaana kameme
,Egumbo olo lo,Egumbo olyo ndyo,Egumbo olyondo,eumbo olyondjo,Egumbo olyo ndjoka,Eumbo olo lo,Egumbo olyo ndjoka,Eumbo olo ndo
,Ondi zi po paife,Otandi zi po ngaashingeyi,Andizimo payife,ondizipo paife,Otenzi po paife,Ohai di po paife,Otenzi po paife,Andi djipo paife
,Takamifa ayishe,Takamitha ayihe,Takamitha Ayishe,takamisha ayihe,kotokela aihe,Takamifa aishe,kotokela aihe,kotokela ayihe
,Omutse,omutse,Ontse,omutwe,Omutse,Omutwe,Omutse,Omutwe
,Omafufu,omafufu,Eeshwiiki,eehuki,Omafufu,Eexwiki,Omafufu,Eehuki
,Omesho,omeho,Omesho,omaiho,Omesho,Omesho,Omesho,Omeho
,Eyulu,eyulu,Eyulu,eulu,Eyulu,Eyulu,Eyulu,Eyulu
,Omatsi,omakutsi,Ekutsi,omakutwi,Omakutsi,Omakutwi,Omakutsi,Omakutwi
,Okana,okana,Okana,okanya,Okana,Okanya,Okana,Okanya
,Epepe,epepe,Epepe,epepe,Epepe,Epepe,Epepe,Epepe
,Ombunda,ombunda,Ombunda,ombunda,Ombunda,Ombuda,Ombunda,Ombuda
,Omhooko ,omayako,Omooko,omaako,Omaako,Omaoko,Omaako,Omaako
,Oonyala,oonyala,Eenyala,eeyala,Omake,Omake/Eenyala,Omake,Omake/Eenyala
,Ontulo,ontulo,Ontulo,onhulo,Chest,Onulo,Chest,Onulo
,Omagundji,omagundji,Omagundji,omaundji,Omagundji,Omavele,Omagundji,Omavele
,Ezimo,epunda,Mepunda,epunda,Epunda,Edimo,Epunda,Epunda/edjimo
,Omatako,omatako,Omatako,omatako,Omatako,Omatako,Omatako,Omatako
,Omagulu,omagulu,Omagulu,omaulu,Omagulu,Omaulu,Omagulu,Omaulu
,Ongolo,ongolo,Eengolo,ongolo,Ongola,Ongolo,Ongola,Ongolo
,Ompadhi,ompadhi,EEmhadhi,omhavi,Ompadhi,Omhadi,Ompadhi,Omhadi
,Ominwe,ominwe,Eenwe,ominwe,Ominwe dhokompadhi,Ominwe,Ominwe dhokompadhi,Ominwe
,Omayego,omayego,Omahego,omayeo,Omayego,Omayo,Omayego,Omayoo
,Oombezi,oombenzi,Embezi,eembezi,Ombezi,Eendjedi,Ombezi,Eembedji
,Oopela,oopela,Eepela,eepela,Eepela,Eepela,Eepela,Eepela
,Omuti,omuti,Onti,omiti,Omiti,Omiti,Omiti,Omiti
,owenda,owenda,Owenda,oenda,Owenda,Ovenda,Owenda,Ovenda
,Okapangelo,okapangelo,Okapangelo,okakinika,Okapangelo,Okapangelo,Okapangelo,Okapangelo
,Oshi pangelo,oshipangelo,Otshipangelo,oshipangelo,Oshipangelo,Oshipangelo,Oshipangelo,Oshipangelo
,Ndohotola,ondohotola,Ondohotola,ondokotola,Dohotola,Ndokotola/ Omupangi,Dohotola,Ndokotola
,Omukolo,omukolo,Okolo,onkolo,Omukolo,Omukolo,Omukolo,Omukolo
,Eshikisha,eshikisha,Eshikisha,eshikisha,Eshikisha,Eshikisha,Eshikisha,Epuma
,Oshimela,oshimela,Otjimela,oshimhela,Oshimela,Oshimela,Oshimela,Oshimela
,Okati kokwiikusha monana,okakombe kokomayego,Okambolosela,okamblasha,Okati komayego,Okati kokomayo,Okati komayego,Okati kokomayoo
,Oshipelende,oshipelende,Otshipelende,oshipelende,Oshipelende,Oshipelende,Oshipelende,Oshipelende
,Omya,ompya,Ompya,ochooka,Ompya,Omya,Ompya,Omya
,Opena yohinga,opena yohinga,Opena,opena yo hinga,Opena,Opena,Opena,Opena
,Opena yekala,opena yekala,Opena Hekala,opena yohinga,Opena yekala,Opena yekala,Opena yekala,Opena yekala
,Ombapila,ombapila,Ombapila,ombapila,Ombapila,Ombapila,Ombapila,Ombapila
,Embo,embo,Embo,embo,Embo,Embo,Embo,Embo
,Ekonaakono,ekonakono,Ekonakono,ekonakono,Ekonakono,Ekonaakono,Ekonakono,Ekonaakono
,Onzapo,onzapo,Onzapo,ozapo,Onzapo,Odjapo,Onzapo,Odjapo
,Omandewulo pukululo,Omadhewulo pukululo,Omadhewulo pukululo,Omaveulo pukululo,Oshigongilonga,Oshihongiilonga/ Owekshopa,Oshigongilonga,Oshoongi-ilonga
,Uunongononi,uunongononi,Uunongononi,uunongononi,uunongononi,Ounongononi,uunongononi,Ounongononi
,Omwaalu,omwaalu,Omwaalu,omwaalu,Omwaau,Omwaalu,Omwaau,Omwaalu
,Oshiingilisa,oshiingilisa,Otshingilisa,oshiingilisa,Oshingilisa,Oshiinglisa,Oshingilisa,Oshiingilisa
,Oshiafrikansa,oshimbulu,Otshimbulu,oshimbulu,Oshimbulu,Oshimbulu,Oshimbulu,Oshimbulu
,Oshigermeni,Oshigermeni,Otshindjemeni,oshijemeni,Oshindowishi,Oshindowishi,Oshindowishi,Oshindowishi
,Oshiputu,oshiputu,Otshiputu,oshiputu,Oshiputu,Oshiputu,Oshiputu,Oshiputu
,Oshispanish,Oshispanisha,Otshispanisha,oshispenisha,Oshispania,Oshispania,Oshispania,Oshispania
,Okompiuta,okompiuta,Okompiuta,okompiuta,Oradio yomuzizimba,Eekompiuta,Oradio yomuzizimba,Eekombiuta
,Omukuluntusikola,omukuluntusikola,Okuluntusikola,onkulunusikola,Omukuluntusikola,Omukulunhufikola,Omukuluntusikola,Omukulunhusikola
,Amushanga,amushanga,Atshanga,amushanga,Aamushanga,,Aamushanga,Hamushanga
,Ondondo,ondondo,Ondondo,ondondo,Ondondo,Ondodo,Ondondo,Ondodo/onghatu
,Ondjato,ondjato,Ondjato,ondjato,Ondjato,Ondjato,Ondjato,Ondjato
,Etanga,Etanga,Etanga,etanga,etanga,etanga,etanga,
,Ombwa,katali,ombwa,ombwa,ombwa,ombwa,ombwa,Ombwa
,okambishi,okambishi,okambishi,okambishi,okambishi,okambishi,okambishi,Okambishi
,okadhila,okadhila,okadhila,okavila,okadila,okadila,okadila,Okadila
,oshi,ohi,oshi,ohi,oshi,oshi,oshi,Eehi
,Okandimba,okalimba,Okalimba,okalimba,okalimba,Okandimba,okalimba,Okalimba
,ombuku,ombuku,Ombuku,omhuku,ombuku,omhuku,ombuku,Omhuku 
,Onghambe ,onkambe,Onkambe,oghambe,Onkambe,oghambe,Onkambe,Onghambe
,Ongobe ,ongombe,Ongombe,ongombe,Ongombe,ongombe,Ongombe,Ongobe 
,Odi ,onzi,Onzi,ozi,Onzi,onzi,Onzi,Odi
,Embungu ,embungu,Embungu,embungu,Embungu,Embungu,Embungu,Embungu
,Onduli ,onduli,Onduli,Onduli,Onduli,onduli,Onduli,Onduli
,Ongolo,Ongolo,Ongolo,ongolo,Ongolo,Ongolo,Ongolo,Ongolo
,Edila lomomeva ,Endhila homomeya,Odhila homomeya,owili yomomeya,Ondhila yomomeya,Odila yomomeya,Ondhila yomomeya,odila yomomeva
,Oshi ,Ohi,Ohi,ohi,Oshi,oshi,Oshi,ohi
,Ombwa-yomomeya ,ombwa yomomeya ,Ombwa homomeya,ombwa yomomeya,Omba yomomeya,Ombwa-yomomeva ,Omba yomomeya,ombwa yomomeva
,Oshi ,ohi,Ohi,ohi,ohi,oshi,ohi,ohi
,Omakolofishi ,ekolofishi,Ekolofishi,ekolofisha,Ekolofishi,Omakolofishi ,Ekolofishi,
,Ongholokosa ,onkonkolose,eenkasa,oghosa,Ongholokosa ,Ongholokofya ,Ongholokosa ,ongholokosa
,okambilimbili,okambilimbili,onkanga,ekanga,onkanga,Onghanga ,onkanga,onghanga
,onyushi,onyushi,Onyutshi,onyiki,onyushi,onghiki,onyushi,onyushi
,okadhidhi,okadhidhi,Odhidhi,okavivi,okadhidhi,Omhuka ,okadhidhi,okadidi
,ewiliwili,ewiliwili,Ewiwili,ewiiwii,ewiliwili,Eluviluvi ,ewiliwili,
,Efuma ,efuma,Efuma,efuma,efuma,Efuma ,efuma,efuma
,Onghili ,onkili,onghili,oghili,onkili,Onghili ,onkili,onghili
,Ongadu ,ongandu,Ongandu,ongadu,Ongadu ,Ongadu ,Ongadu ,ongadu
,Oghalo nawa,Oghalo nawa,Onkalo nawa,nawa lela,ongalo-nawa,Oghalo nawa,ongalo-nawa,
,Oukolele,uukolele,Uukolele,uukolele,uukolele,Oukolele,,
,Undjolowele ,uundjolowele,uundjolowele,uundjolowele,uundjolowele,Uundjolowele ,,
,Ukulele uwa ,Uundjolowele,uukolele,uukolele uli nawa,eendjolowele,Ukulele uwa ,,
,oonkondo,oonkondo,eenghondo,eenghono,eenkondo,Itungifo lutu ,,
,iitungithilutu,iitungithilutu,iitungitho lutu,iitungifolutu,iitungithilutu,Iitungifilutu,,
,Ukolele wopokati ,uukolole wopokati,Uukolele wopokati,Uukolele wopokati,uukolele wopokati,Oukolele wopokati ,,
,Mwawedwa ,mwagwedhwa,Mwagwedhwa,mwawevwa,mwagwedhwa,Ndawedamo,,
,Oku kufamo/mwadja ,okukuthamo,Okukuthamo,mwakufwa,okokuthamo,Oku kufamo/mwadja ,,
,Okuhapupaleka,Okwiindjipaleka,Okwiindjipaleka,okuindjipaleka,okwiindjipaleka,Okuhapupaleka,,
,Oku topola ,okutopola,okutopola,okutopola,pokutopola,okutopola,,
,Okulondeka ,okulondeka,okulodeka,okulondeka,okulondeka,okulondeka,,
,Oshipundi,Oipundi,Otjipundi,Oshipundi,,,,
,Eepelesenda ,oopelesenda,EEpelesenta,eepelesenda,oopelesenda,EEpelesenta,,
,Ombele,Oimbele,Ombele,Ombele,ombelee,Ombele,ombelee,ombele
,Elima,oikulo,okalima,oshilima,elima,oshikulo,Elimaa,elima
,eembe,oombe,Eembe,eembe,eembe,Eembe,eembe,
,eenyadi,oonyandi,Eenyadi,eenyandi,eenyandi,Eenyadi,enyandi,
,Eendunga,oondunga,Eendunga,Eendunga  ,eendunga,Endunga,endunga,
,Eengongo,Oongongo,Eengongo,Eengongo,eengongo,eengongo,eengongo,eengongo
,Eentantahe,Oontantahe,oontantahe,Ehelele,eentantashe,eemamashe,eendandashe,eendandashe
,Eengeshu,Oongeshu,Eengehu,Eengehwa,eengeshu,Eengungu,eengeshu,
,Eendawo,Oondago,Eendago,Eendau,eendago,eendawo,eendengo,
,Eemeke,Oombeke,Eemeke,Eemeke,eembeke,Eemeke,eembeke,
,Eenkenkete,Oonkekete,Eenghekete,Eenghekete,eentshentshete,Eenghekete,eenkekete,
,Eembutu,Oombutu,Eembutu,Eembutu,eembutu,eembutu,eembuto,
,Omado,Omavo,omavo,Omavo,omavo,omado,omavo,
,onguti,Onguti,Onguti,Onghuti,onguti,Onghuti,onguti,
,okafifi,Nashiishika,Shiishika,Okatiitii,okathiithika,fifi,okathithi,
,onghanga,Onkanga,Onkanga,Onghanga  ,onkanga,Onghanga,onkanga,
,Ondjuhwa,Ondjuhwa,Ondjushwa,Ohuhwa,ondjushwa,Ohuhwa,ondjushwa,
,shilumbamba,shilumbamba,Shilumbamba,Lumbamba,lumbamba,lumbamba,shilumbamba,
,ehwiyu,Ehwiyu,Ohuwi,Ehwii,eshwiyu,Ehwiu,eshiwi,
,Ohwiloli,Ohwiloli,swiiloli,Ohilowa,swiiloli,Ohwiloli,eswiiloli,
,Oshiyandja,Oshiyandja,endjwa,,omandjwa,Oshiyandja,enza,
,omakunde,omakunde,omakunde,Omakunde,omakunde,omakunde,omakunde,omakunde
,omapungu,omapungu,omapungu,Omapungu,omapungu,omapungu,omapungu,
,Omahangu,Omahangu,omaangu,Omahangu,omahangu,omahangu,omahangu,
,Eefukwa,Oofukwa,eefukwa,Eefukwa,eefukwa,eefukwa,eefukwa,
,Efakulafa,Oothakulatha,eethakulatha,Eefafalafa,ethakulatha,eefa,eethakulatha,eefafalafa
,Omafuma,Omafuma,omafuma,Omafuma,omafuma,omafuma,omafuma,omafuma
,Ohema,Onguwo,ohema,Ohema,ohema,ohema,ohema,ohema
,Ombulukweya,Ombulukweya,ombulukweya,Ombulukweya,ombulukweya,ombulukweya,ombulukweya,ombulukweya
,Ombindja,Ombindja,ombindja,Ombindja,ombindja,ombindja,ombindja,ombidja
,Ongaku,Olukaku,ongaku,Onghaku,ongaku,onghaku,olukaku,
,Ondjatha,Ondjatha,ondjatha,Ondjafa,ondjatha,ondjafa,ondjatha,
,Okabindja,Ombindja,okambindja,Ombindja,ombindja,Okambidja,okambindja,
,Okapendi,Odholo,okapendi,Okavolo,okapendi,Okapendi,okapendi,
,Oshikuusinga,Oshikuusinga,otshikuusinga,Oshikuusinga,oshikuusinga,Oshiwilo,oshikuusinga,
,oshikumbatha,Oshikumbatha,ekumbatha,Ekumbafa,ekumbath,Oshikumbafa,oshikumbatha,
,Oshikombe,Oshikombe,otshikombe,Oshikombe,oshikombe,Oshikombe,oshikombe,
,Oshimopa,Oshimopa,emopa,Oshimopa,otshimopa,Oshimopa,oshimopa,
,Oku komba,Oku komba,oku komba,Oku komba,oku komba,Oku komba,oku komba,
,Oku mopa,Oku mopa,oku mopa,Oku mopa,oku mopa,Oku mopa,oku mopa,
,Oshitaafula,Oshitaafula,oshitaafula,Oshitaafula,oshitaafula,Oshitaafula,oshitaafula,
,Okasindo,Okasindo,okasindo,Okanguto,okasindo,Onguto,okasindo,
,Esiga,Esiga,esiga,Esiya,esiga,Efiya,esiga,
,Iikuni,Iikuni,iikuni,Iikuni,iikuni,Iikuni,iikuni,
,Okapalwa,Okapalwa,okapalwa,Okapalwa,okapalwa,Okapalwa,okapalwa,
,Oshivelewa,Osheelelwa,omweelelo,Omweelelo,omweelelo,Oshivelelwa,osheelelwa,
,Omukaga,Omukaga,omukaga,omukaa,omukaga,Omukaa,omukaga,
,okafoloko,Okafoloko,okafoloko,Okafoloko,okafoloko,Ofoloko,okafoloko,
,Okombifa,Okombitha,okombitha,Okombifa,okombitha,Okombifa,okombitha,
,okalapi,Okalapi,okalapi,Okalapi,okalapi,Okalapi,okalapi,
,Ombapila,Ombaapila,ombaapila,Ombapila,ombapila,Ombapila,ombaapila,
,embo,Embo,embo,Embo,embo,Embo,embo,
,Omulongi,Omulongi,omulongi,Omulongi,omulongi,Omulongi,omulongi,
,Omulongwa,Omulongwa,omulongi,omulongwa,omulongwa,Omuhongwa,omulongwa,
,Omundohotola,Omundohotola,omundokotola,Ondokotola,omundokotola,Omundokotola,ondohotola,
,Omupangi,Omupangi,omupangi,Omupangi,omupangi,Omupangi,omupangi,
,Omupanguli,Omupanguli,omupanguli,Omupanguli,omupanguli,Omupanguli,omupanguli,
,Omukwatheli,Omukwatheli,omukwatheli,Omukwafeli,omukwatheli,Omukwafeli,omukwatheli,
,Omupresidenta,Omupresindente,omupelesitende,0mupelestende,omupelesitende,Omupeleshidende,omupresidenta,
,Ependa esindani,Ependa esindani,ependa esindani,ependesindani,ependa esindani,Ependa-efindani,ependa esindani,
,Omweedithi gwinima pokati,Oweendithi gwiinima pokati,omweendithi gwiinima pokati,omutopoli,omwendithi gwiinima,Omweendifi-woinima pokati,omweedithi gwinima pokati,
,Ongeleka,Ongeleka,ongeleka,Ongeleka,ongeleka,Ongeleka,ongeleka,
,Osikola,Osikola,osikola,oskola,osikola,Ofikola,osikola,
,Oshiputudhilo shopombanda,Oiputudhilo sho pombanda,otshiputudhilo tshopombanda,Oshiputuvilo shopombanda,otshiputudhilo tshopombanda,Oshiputudilo shopomada,oshiputundhilo shopombanda,
,Ongulu,Ongulu,ongulu,Ongulu,ongulu,Ongulu,ongulu,
,Ongulumambo,Ongulumambo,ongulumambo,Ongulumambo,ongulumambo,Ongulumambo,ongulumambo,
,Ondunda yokulala,Oonda yokulala,okalili,Onduda yokunangala,okalili,Onduda yoku nangala,oonda yokulala,
,Ondunda yokupungula,Oonda yokupungula,ondunda huupungulo,Ondunda yokusiikilila,ondunda huupungulo,Onduda yoku tuvikila,oonda yokulala,
,Ohauto,Oshihauto,ehauto,Ohauto,ehauto,Otuwa,ohauto,
,Mbakumbaku,Mbakumbaaku,embakumbaku,Mbakumbaku,embakumbaku,Embakumbaku,mbakumbaku,
,Ololi,Ololi,eloli,ololi,eloli,Ololi,ololi,
,Oshitukutuku,Oitukutuku,otshitukutuku,oshihauto,otshitukutuku,Oshitukutuku,oshitukutuku,
,eso,eso,eso,Eso,eso,Efyo,eso,
,Okwiitedhulula,Okwiitedhulula,okwiidheula,Okwiitevulula,okwiidheula,Okwi ndilulula,okwiitedhulula,
,Okushanga,Oku nyola,okunyola,Omusita,okunyola,Okushanga,okushanga,
,Okandjugo,Okandjugo,okandjugo,Okandjuwo,okandjugo,Okandjuwo,okandjugo,
,Okalikoshelo,Okaiyogelo,okiikoshelo,Okaikohelo,okiikoshelo,Okashauna,okalikoshelo,
,Okugalikana,Okugalikana,okugalikana,Okwaalikana,okugalikana,Okwiilikana,okugalikana,
,Okumanguluka,Oku manguluka,okumanguluka,Okumanguluka,okumanguluka,Okumanguluka,okumanguluka,
,Okulima,Okulima,okulima,Okulima,okulima,Okulima,okulima,
,Okupulula,Okupulula,okupulula,Okupulula,okupulula,Okupulula,okupulula,
,Okwiikosha,Okwiiyoga,okwiikosha,Okwiikoha,okwiikosha,Okwiikosha,okwiiyoga,
,Okunuka,Okunuka,okunuka,Okunhuka,okunuka,Okunuka,okunuka,
,Mombanda,Mombanda,mombanda,Mombada,mombanda,Pombada,mombanda,
,Pevi,Pohi,poshi,Pevu,poshi,Pedu,poshi,
,omweelo,Omweelo,omweelo,Omweelo,omweelo,Omuvelo,omweelo,
,Olusheno,Olusheno,olutsheno,Olusheno,olutsheno,Olusheno,olusheno,
,omundilo,Omulilo,omulilo,Omundilo,omundilo,Omundilo,omulilo,
,ombosha,Omboha,ombosha,Omboha,ombosha,Omboxa,ombosha,
,Oshipeleki,Oshipeleki,otshipeleki,Oshipeleki,otshipeleki,Oshipeleki,otshipeleki,
,Oshitenda,Oshitenda,otshitenda,Oshitenda,otshitenda,Oshitenda,otshitenda,
,Oshange,Oshandje,otshange,Oshange,otshange,Oshange,otshange,
,oshipululo,Oshipululo,otshipululo,Oshipululo,otsipululo,Oshipululo,otshipululo,
,Okatana,Okatana,okatana,Okatana,okatana,Okatana,okatana,
,Ekatana,Ekatana,ekatana,Ekatana,ekatana,Ekatana,ekatana,
,oshikombo,Oshikombo,otshikombo,Oshikombo,otsikombo,Oshikombo,ekombo,
,okakombwena,Okakombwena,okakombwena,Okakombwena,okakombwena,Okakombwena,okakombwena,
,Omagungu,Omagungu,omagungu,Omaungu,omagungu,Omaungu,omagungu,
,Ombiibeli,Ombiimbeli,ombiimbeli,Ombiibeli,ombiimbeli,Ombiimbeli,ombiimbeli,
,Okatikisa,Okatikisa,okatikisa,Okatikisa,okatikisa,Okatikisha,okatikisa,
,Oshililo,Uulalelo uuyapuki,otshililo,Oshililo,otshililo,Uuvalelo uyapuki,uulalelo uuyapuki,
,Ongalo,Ongalo,ongalo,Ongalo,ongalo,Ongalo,ongalo,
,Ohapu,Ondjovo,Ohapu,Ohapu,ohapu,Eendjovo,,
,Omukunda,Omukunda,omukunda,okumatuka,omukunda,Omukunda,omukunda,
,okutondoka,Okutondoka,okumatuka,Okutondoka,okutondoka,Oku matuka,okutondoka,
,Okweenda,Oku enda,okweenda,Okweenda,okweenda,Okweenda,okweenda,
,Okulila,Oku lila,okulila ,Okulila,okulila,Oku kwena,okumwena,
,Oshikumbu,Oikumbu,otshikumbu,Okushanga,otshikumbu,Oshixwanga,oshikumbu,
,Okuteleka,Oku teleka,okuteleka,Okuteleka,okuteleka,Oku teleka,okuteleka,
,okushongola,Oku tina,okushongola,Okushongona,okushongola,Oku tina,okushongola,
,Okulundila,Oku lundila,okulundila,Okulundila,okulundila,Oku lundila,okulundila,
,Okulala,Oku lala,okulala,Okunangala,okulala,Oku nangala,okulala,
,Okugeya,Oku geya,okugeya,Okuhanduka,okugeya,Oku handuka,okugeya,
,Okunika,Oku nika,okunika,Okunika,okunika,Oku nhika,okunika,
,kokule,Ko kule,kokule,kokule,kokule,Ko kule,kokule,
,popepi,Popepi,popepi,popepi,popepi,Po pepi,popepi,
,Oku kumagidha,Oku kumagidha,oku kumagidha,Oku kumayiva,oku kumagidha,Okutwa omhukumo,okukumagidha,
,Okwiingidha,Oku igidha,okwiigidha,Okwiingiva,okwiigidha,Okwiingida,okwiigidha,
,Okulilagana,Okulilagana,Okulilaana,Okulilaana,okulilagana,Okukwenauka,,
,Takamitha,Takayitha,takamitha,Takamisha,takamitha,Taka mifa,takamatha,
,Eyoka,Eyoka,eyoka,Eyoka,eyoka,Eyoka,eyoka,
,Ombome,Ombome,ombome,Ombome,ombome,Ombome,ombome,
,Ondje,Ondje,ondje,Ondje,ondje,Ondje,ondje,
,Ondjamba,Ondjamba,ondjamba,Ondjamba,ondjamba,Ondjaba,ondjamba,
,Oshiboloma,Oimboloma,otshimboloma,Onghoshi,otshimboloma,Oshimboloma,otshimboloma,
,Ekatalume,Ewaya,ekatalume,Ekatalume,ekatalume,Evaya,ekatalume,
,Enyakwa,Ondjumbeta,enyakwa,Enyanhwa,enyakwa,Enyakwa,enyakwa,
,Kayale kopeendjila,Kaale kopoondjila,kaale kopeendjila(kalegetse),Kaale kopeendjila,kaale kopeendjila(kalegetse),Kavale kopeendjila,kaale kopeendjila,
,Okambishi,Mbishi,okambishi,Okambishi,okambishi,Okambishi,okambishi,
,Omahandjangali,Omahandjangali,omaantagali,Omaghandja,omaantagali,Omahandja,omaantagali,
,Nekefo,Ekefo,nakafo,Okalya,nakafo,Oonyova,nakafo,
,kashima,kahima,kashima,kahima,kashima,Kashima,kashima,
,Edhiya,Edhiya,edhiya,Eviya,edhiya,Ondombe,edhiya,
,Emanya,Emanya,emanya,Emanya,emanya,Emanya,emanya,
,Odopi,ondhopi,odhopi,Ondopi,odhopi,Odopi,odhopi,
,Ofundasi,Ofundasi,ofunasi,Ofundasi,ofunasi,Ofundasi,ofundasi,
,Ondundu,Onganga,onganga,Ondudu,onganga,Onganga,onganga,
,Okupanga,Okweelula,okupanga,Okuhakula,okupanga,Okuvelula,okweeludha,
,Oluko,Olyuko,oluko,Oluko,oluko,Oluko,oluko,
,Ohula,Oxwexwe,oshula,ohole,oshula,Oxula,oshula,
,Ombilive,ontumwafo,ombaapila,ombilive,ombaapila,Ombilive,ombaapila,
,omushokolo,ilyaalyaka,iilyaalyaka(omutshokolo),omushokolo,iilshokolo,Oilyavala,omutshokolo,
,Ondumbo,Ondumbo,efupa,ondumbo,efupa,Ondubo,efupa,
,oluhepo,Oluhepo,olweepo,oluhepo,olwhepo,Oluhepo,olweepo,
,Oshipango,oshipango,otshipango,oshipango,odshipango,Oshipango,otshipango,
,Simaneka,simaneka,simaneka,simaneka,simaneka,Fimaneka,simaneka,
,Manguluka,manguluka,mangaluka,manguluka,mangulika,Manguluka,manguluka,
,Eitavelo,eitaalo,eitaalo,eyitaalo,eitaalo,Eitavelo,eitaalo,
,Uutalala,Uutarara,Uutalala,uutalala,uutalala,Outalala,,
,Yamukula,Itaala,Itayela,amukula,iteela,Itavela,,
,Kambadhala,Kambadhara,Kambadharee,kambavala,kambadhala,Kambadhala,,
,Uupyu,Uutsu,Uupyu,uupyu,uupyu,Oupyu,,
,Eilongo,eilongo,eyilongo,eilongo,eilongo,Elihongo,eilongo,
,Eidhidhimiko,eidhidhimiko,eidhidhimiko,eivivimiko,eidhidhimiko,Eidhidhimko,eidhidhimiko,
,mwena,mwena,mwena,mwena,mwena,Mwena,mwena,
,mweneni,mweneni,mweneni,mweneni,mweneni,mweneni,mweneni,
,eimweneneno,eimweneno,eimweneneno,eyimweneno,eimweneneno,Eimweneneno,eimweneneno,
,okumona,okumona,okumona,okumona,okumona,Okutala,okutala,
,etegelelo,etegelelo,etegelelo,eteelelo,etegelelo,Eteelelo,etegelelo,
,Ino kala,ino kala,ino kala,ino kala,ino kala,Ino kala,ino kala,
,Ookalunga vavali,ookalunga yaali,ooKaunga yaali,ookalunga yaali,ookalunga yaali,Ookalunga vavali,ookalunga yaali,
,Pamwe naye,pamwe naye,pamwe naYe,pamwe naye,pamwe naye,Pamwe naye,pamwe naye,
,Ino popya edina,ino tonga edhina,ino popya edhina,ino popya evina,ino popya edhina,Ino popaya edina,ino popya edhina,
,omuthigona,omuthigona,omuthigona,omufiona,omuthigona,Omufyoona,omuthigona,omusoona
,oshinyanga,oshinyanga,oshoto,oshoto,otshoto,Oshinyanga,,oshoto
,olukateko,oluhwati,olwaati,olukateko,olwkateko,Olukateko,olwaati,olukateko
,oluvanda,Olwaanda,olwaanada,olwaanda,olwvanda,Oluvanda,olwaanda,oluvanda
,efiya,esiga,esiga,esiya,esiya,Efiya,esiga,efiya
,epata,elugo,elugo,epata,eluta,Epata,elugo,epata
,eyemele,eemele,ehela,eyela,ehemele,Ehemele,ehemele,evela
,ongodhi,ongodhi,ongodhi,ongovi,ongodhi,Ongodi,ongodhi,ongodi
,Oxwiki,Oohwiki,omafufu,eehuki,omafufu,Eexwiki,omafufu,eehuki
,ombinzi,ombinzi,ombinzi,ombizi,ombinzi,Ohonde,ombinzi,ohonde
,ondjugo,ondjugo,ondjugo,ondjuwo,ondjugo,Ondjuwo,ondjugo,ondjuwo
,Ohema yenhulo,ohema yoontulo,ohema yeentulo,ohema yeenhulo,ohema yeentulo,Ohema Yeenhulo,ohema yeentulo,ohema yeenhulo
,ojalifo,ozalitho,ozalitho,ozalifo,ozalifo,Odjalifo,ozalitho,ojalifo
,oonghali,oonkali,eesa,eenghali,eesghali,Eenghali,eesa,eenghali
,uudhigu,uudhigu,uudhigu,uuviyu,uudhigu,Uudjuu,uudhigu,uudjuu
,elyenge,ejenge,elyenge,elyenge,elyenge,Elyenge,elyenge,elyenge
,oshithidhi,oshithindi,otshithindi,oshifivi,otsithidhi,Oshifidi,oshithindi,oshifidi
,Oshifini,Oshithini,otshithini,oshifini,otshithini,Oshifini,oshithini,oshifi
,oveta,ompango,ompango,oveta,ompta,Omango,ompango,oveta
,Okukuwilila,okuligola,okuligola,okukwiilila,okuligola,Okukuwilila,okuligola,okukwiilila
,odhelela,ondhelela,ompuku,ovelela,ompelela,Odelela,ompuku,odelela
,Odi,onzi,onzi,ozi,onzi,Odi,onzi,oji
,oluvanda,Olwaanda,Olwaanda,olwaanda,olwaanda,Oluvanda,,oluvanda
,Eendjedi,oombezi,eembezi,eembezi,eembezi,Eendjedi,eembezi,eembeji
,ombidi,omboga,omboga,ombivi,ombidi,Ombidi,omboga,ombidi
,oshingome,oshikwiila,oshima,ohima,oshingome,Omungome,oshikwiila,oshingome
,oshingali,oshigali,oshigali,onghonda,oshingali,Oshingali,oshigali,oshingali
,Oshifima,oshimbobo,oshuithima,oshifima,oshithima,Oshifima,oshithima,oshifima
,ombike,ombike,ombike,owalende,ombike,Owalende,ombike,owalende
,Odikwa,ondhikwa,ondhikwa,ovikwa,ondhikwa,Odikwa,ondhikwa,odikwa
,ongodhi yokuhondja,onane,ongodhi yokuhondja,ongovi yokuhondja,ongodhi yokuhondja,Ongodi yokuhondja,ongodhi yokuhondja,ongodi yokuhondja
,owenda,owenda,owenda,owenda,owenda,Ovenda,owenda,ovenda
,Omwifi,olwithi,olwithi,omwifi,olwithi,Omwifi,olwithi,omwifi
,Ondjimbololo,onzimbogo,onzimbogo,ozimbolo,ozimbogo,Ondjibololo,onzimbogo,ondjibololo
,Onyofi,onyothi,onyothi,onyofi,onyothi,Onyofi,onyothi,
,Omwedi,omwedhi,omwedhi,omwevi,omwedhi,Omwedi,omwedhi,
,Iilemo,Iikogo,iikogo,iikoo,iikogo,Iilemo,iikogo,
,odula,omvula,omvula,ovula,omvla,Odula,omvula,
,ombudhi,ombudhi,ombudhi,ombuvi,ombudhi,Ombudi,ombudhi,
,Onkalo,onkalo,onkalo,onghalo,onkalo,onghalo,onkalo,
,omagadhi,omagadhi,omagadhi,omaavi,omagadhi,omaadi,omagadhi,
,ompadhi,ompadhi,ompadhi,omhavi,ompadhi,omhadi,ompadhi,
,omwiidi,omwiidhi,omwiidhi,omwiivi,omwiidi,Omwiidi,omwiidhi,
,onghanga,onkanga,onkanga,onghanga,onkhanga,Onghanga,onganga,
,edalo,evalo,evalo,evalo,evalo,Edalo,evalo,
,omuhoka,omahoka,omuhoka,omhoka,omuhoka,Omunghoka,omuhoka,
,Uusila,uusila,uusila,uusila,uusila,Uufila,uusila,
,Okayemele,Okayemele,okahela,okaemhele,okahela,Okavela,okeemele,
,Olute,Ongete,Ehela,Eela/Eyela,ongete,Olute,,
,Oshipale,Olupale,Olupale,Oshipale,otshiple,Oshipale,,
,Odimbo,Odhimbo,Odhimbo,Ondimbo,ondhimbo,Odibo,,
,Ongalo,Ongalo,ongalo,Ongalo,ongalo,Ongalo,ongalo,
,Ekopi,ekopi,ekopi,Ekopi,ekopi,Okaneka,ekopi,
,Elilo,okalilo,otshililo,Okalilo,otshililo,Elilo,otshitelekelwa,
,Okaando,okayando,okahando,Okaando,okaando,Okavando,okaando ,
,Ombale,olwaale,olwaale,Ombale,olwaale,Ombale,olwaale,
,Oluko,oluko,oluko,Oluko,oluko,Oluko,oluko,
,Oshiyuma,oshiyuma,otshiyuma,Oshuma,otshuuma,Oshitoo,oshiyuma,
,Etiti,etiti,etiti,Etiti,etiti,Etiti,etiti,
,Obabi,ombambi,ombambi,Ombambi,ombambi,Ombabi,ombambi,
,Ondunda,Oonda,ondunda,Onduda,ondunda,Onduda,ondunda,
,Oshini,oshini,otshini,Oshini,otshini,Oshini,otshini,
,oshigadhi,oshigadhi,eshisha,Eyanda/Eanda,eshisha,Evanda,ehanda,
,ondunda yokupungula,oonda yokupungula,okalugona,Elimba,okalogona,Elimba,okalugona,
,ondjila,epola,ondjila,Ondjila,ondjila,Ondjila,ondjila,
,epya,epya,epya,Epya,epya,Epya,epya,
,onduda yokutema,oonda yokutema,ondunda hokutema,Onduda-yokutema,ondunda hokutema,Onduda-yoshakalwa,ondunda yokutema,
,ongaya,ongaya,ongawa,Ongaa/Ongaya,ongaaa,Ongava,ongaa,
,opena,opena,opena,Opena,opena,Opena,opena,
,ongodhi,ongodhi,ongodhi,Ongovi,ongodhi,Ongodi,ongodhi,
,ekala,ekala,ekala,Ekala,ekala,Ekala,ekala,
,ombiga,ombiga,ombiga,Ombiya,ombiga,Ombiya,ombiga,
,omagadhi,omagadhi,omagadhi,Omaavi,omagadhi,Omaadi,omagadhi,
,ongwiya,onane,ongwiya,Ongwiya,ongwiya,Ongwiya,ongwiya,
,endini,ondini,endini,endini,endini,Endini,endini,
,oshikola,okawupa,okakola,Okakola,otshikola,Oshikola,okakola,
,Oshitoo,oluyo,oluho,Oluyo,oluho,Elwiyo,oluyo,
,oshinyanga,oshinyanga,otshaale,Oshoto,otshoto,Olupale,otshoto,
,omeya,omeya,omeya,Omeya,omeya,Omeva,omeya,
,omagadhi goongombe,omagadhi goongombe,omagadhi geengombe,Omaavi-Yeengobe,omagadhi geengombe,Omaadi-eengobe,omagadhi geengombe,
,oshiyaha,oshiyaha,otshiyasha,Oshiyaha,otshaasha,Oshiyaxa,otshiwasha,
,ongaku,Olukaku,ongaku,Onghaku,ongaku,Onghaku,ongaku,
,oshihumbatitho,oshihumbatelo,otshuumbatelo,Onghata,otshuumbatelo,Onghata,oshuumbatelo,
,omwiidhi,omwiidhi,omwiidhi,Omwiivi,omwiidhi,Omwiidi,omwiidhi,
,ekoye,enkolo,ekowe,Ekoye/Ekoe,ekowe,Ekove,ekowe,
,oompadhi,oompadhi,eempadhi,Eemhavi,eempadhi,Eemadi,eempadhi,
,Etangala,eteta,eteta,Etangala,etete,Etangala,eteta,
,omafufu,omafufu,omafufu,Eehuki,omafufu,Eexwiki,omafufu,
,odoloma,ehwalu,endoloma,Ondoloma,ondoloma,Ondoloma,ondoloma,
,ongulu,ongulu,ongulu,Ongulu,ongulu,Ongulu,ongulu,
,omuthima,omuthima,omuthima,Omufima,omuthima,Omufima,edhiya,
,esiga,esiga,esiga,esiya,esiga,Efiya,esiga,
,otombo,otombo,otombo,Otombo,otombo,Otombo,otombo,
,ondama,ondama,etale,Etale,etale,Etale,etale,
,oshikumbatha,oshinguma,ekumbatha,Ekumbafa,ekumbatha,Ekumbafa,ekumbatha,
,ombete,ombete,ombete,Ombete,ombete,Ombete,ombete,
,ondoongi,ondoongi,ondoongi,Ondoogi,ondoongi,Ondongi,ondoongi,
,,okayelemani,okayelemani,Okahelemani,okayelemani,Ondjele,okayelemani,
,,okanyenti,okanti,Haluni,okanti,Haluni,okanti,
,oshipakete,oshipakete,otshipakete,Oshipakete,oshipakete,Oshipakete,otshipakete,
,onguto,osindo,osindo,Osindo,osindo,Onguto,olusindo,
,oshituviko,oshikamo,otshisiikilo,Oshisiikilo,otshisiikilo,Oshituviko,otshisiikilo,
,ongudo,okavundule,ongundo,Ongudo,ongundo,Ongudo,ongundo,
,,oombu,eembu,Eembuu,eembu,Eembuu,otshimbu,
,ekakala,ekakala,ekakala,Ekakala,ekakala,Ekakala,ekakala,
,oshivanda,oshaanda,otshaanda,Oshiyanda,otshaanda,Oshivanda,otshaanda,
,oshifukwa,oshifukwa,otshifukwa,Oshifukwa,oshifukwa,Oshifukwa,otshifukwa,
,ekango,ekango,ekango,Ekango,ekango,Ekango,ekango,
,,oituntu,etuntu,Etunhu,otshituntu,Oshitunhu,otshituntu,
,omwoongo,omugongo,omugongo,Omoongo,omugongo,Omwoongo,omugongo,
,omwenge,omweenge,omweenge,Omwenge,omweenge,Omweenge,omweenge,
,omwandi,omwandi,omwandi,Omwandi,omwandi,Omwandi,omwandi,
,etapo,ompamba,ompamba,etapo,ompamba,omhindo,ompamba,
,,omugolo,omugolo,Omoolo,omugolo,Omwoolo,omugolo,
,eka,eka,eka,Eka,eka,Eka,eka,
,onghete,enkete,enkete,Enghete,enkete,Enghete,enkete,
,epwaka,ehutu,epwaka,Epwaka,epwaka,Omapwaka,epwaka,
,,ewuni,ewuni,Euni,euni,Omauni,omawuni,
,,ekoka,ekoka,Ekoka,ekoka,Ekoka,ekoka,
,oshuupulo,oshihupulo,otshuupulo,Oshuupulo,otshuupulo,Oshixupulu,otshuupulo,
,ekuva,ekuya,ekuwa,Ekuya,ekuwa,Ekuva,ekuwa,
,omukekete,omushseshete,omutshetshete,Omukekete,omutshetshete,Omukekete,omutshetshete,
,oshikombo,newewe,otshikombo,Oshikombo,otshikombo,Oshikombo,ekombo,
,oshikombe,oshikombe,otshikombe,Oshikombe,otshikombe,Oshikombe,otshikombe,
,odopi,ondhopi,odhopi,Ondopi,ondhopi,Odopi,odhopi,
,oshikamule,ompendu,otshikamule,Oshikamule,otshikamule,Omendu,otshikamule,
,etelashe,etalahe,etalashe,Etalahe,etalashe,Etalashe,etelashe,
,iipeleki,iipeleki,iipeleki,Oipeleki,iipeleki,Iipeleki,iipeleki,
,ondungu,ondungu,ondungu,Ondungu,ondungu,Ondungu,ondungu,
,ohambo,ohambo,ohambo,Ohambo,ohambo,Ohambo,ohambo,
,iikoo,Iikogo,iikogo,Oikoo,iikogo,Oilemo,iikogo,
,odila,ondhila,odhila,Ovila,ondila,Odila,odhila,
,epuka,epuka,embaambala,Embaabala,embaambala,Oshipuka,embambala,
,ombaka,ombaka,ombaka,Ombaka,ombaka,Ombaka,ombaka,
,onghanga,onkanga,onkanga,Onghanga,onganga,Onghanga,onkanga,
,omayi,omayi,omahi,Omayi,omayi,Omayi,omayi,
,ongeleka,ongeleka,ongeleka,Ongeleka,ongeleka,Ongeleka,ongeleka,
,ombelewa,ombelewa,ombelewa,Ombelewa,ombelewa,Ombelewa,ombelewa,
,omusita ongalo,omusita gongalo,omusita gongalo,Omusita-Weongalo,omusita,Omufita-ongalo,omusita gongalo,
,aalongwa,aalongwa,aanasikola,Aanasikola,aanasikola,Ovanafikola,aanasikola,
,omusamane,omusamane,omusaane,Omusamane,omusaane,Omushamane,omusaane,
,olusheno,olusheno,olutsheno,Olusheno,olusheno,Olusheno,olusheno,
,endjandja,endjandja,endjandja,Endjadja,endjandja,Endjadja,endjandja,
,ondunga,ondunga,ondunga,Ondunga,ondunga,Ondunga,ondunga,
,omandjebele,omandjembele,omandjembele,Omandjembele,omandjembele,Omandjembele,omandjembele,
,omutete,omutete,omutete,Omutete,omutete,Omutete,omutete,
,omundilo,omulilo,omulilo,Omundilo,omundilo,Omundilo,omulilo,
,ombuto,ombuto,ombuto,Ombuto,omuto,Ombuto,ombuto,
,,oombimbo,oombibo,Eembibo,eembimbo,Embibo,,
,okuti,okuti,okuti,Okuti,okuti,Ofuka,okuti,
,ofenya,ofenya,ofenya,Ofenya,ofenya,Ofenya,ofenya,
,omakaya,omakaya,omakaya,Omakaya,omakaa,Omakaya,omakaa,
,Eendjuhwa,Oondjuhwa,Oondjushwa,Eehuhwa,eendjusha,Eexuxwa,,
,Uunona,Uunona,Uunona,Ounona,uunona,Ounona,,
,Opomba,Opomba,Opomba,Opomba,opomba,Opomba,,
,Uundingosho,Oondingosho,uundingosho,Eekefe,uundingosho,Eekamba,eekefe,
,Odalate,Odhalate,ondhalate,Ovalate,ondhalate,Odalate,odhalate,
,Okatokele,Okatokele,Okatokele,Katokele,okatokele,Okatokele,,
,Omawedo,Omayendo,Omahendo,Omaendo,omayendo,Omaendo,,
,Omakodhi,Omakodhi,omakodhi,Omakovi,omakodhi,Omakodi,omakodhi,
,oilyavala,iilyawala,iilyaalyaka(omutshokolo),omushokolo,omutshokolo,Oilyavala,omutshokolo,
,Onjeva,omagwe,omwaanga,Ondjea/Ondjeya,eendjendje,Ondjeva,omwaanga,
,Odelela,Odhelela,ompuku,Ovelela,ompuku,Odelela,ompuku,
,Omongwa,Omongwa,omongwa,Omongwa,omongwa,Omongwa,omongwa,
,Omasiga,Omasiga,omasiga,Omafiya,omasiga,Omafiya,omasiga,
,Eyemele,eyemele,ehela,Eela/Eyela,ehela,Evela,eehela,
,Oshigali,Oigali,otshigali,Oshingali,otshigali,Oshingali,otshigali,
,Ondjove,ondjengo,onzowe,Onzoye,omagadhi geengongo,Odjove,onzowe,
,Omashini,Omahini,omashini,Omahini,omashini,Omashini,omashini,
,idila,Ehela,ehela,omahini,ehela,Indila,ehela,
,Ipweda,Ipweya,I pwedha,Eela/Eyela,I pwedha,Iheda(ikoka),ipwedha,
,pukulula,pukurura,pukulula,pukulula,pukulula,pukulula,pukulula,
,Potokonona,Potokonona,potokonona,patukununa,potokonona,Hangu kununa,potokonona,
,Yelitha,Yelitha,yelitha,yelifa,yelitha,Yelifa,yelitha,
,Fudapo,fudhapo,fudhapo,fuvapo,thuwapo,Fudhapo,fudhapo,
,Okulitha,Okulitha,okulitha,okulifa,okulitha,Okulifa,okulitha,
,omahuku,omahuku,omuuku,omahuku,omuhuku,Omaxuku,omashuku,
,Ongava,Ongaya,ongawa,Ongaa/Ongaya,ongawa,Ongava,ongaaa,
,Ontsika,Ontsika,omatsika,Omhilwa,omatsika,Otwila,omatsika,
,Oshipanyala,oipetsu,otshipanyala,oshipatu,oshipanyala,oshipatu,otshipanyala,
,etiti,etiti,etiti,etiti,,Etiti,,
,eholo,eholo,eholo,eholo,,eholo,,
,oshikwiila,oshikwiila,oshima,ohima,,oshikwiila,,
,edji,enzi,enzi,ezi,,ezi,,
,ovili,otundi,owili,owili,,ovili,,
,Ondjatha,ondjatha,ondjatha,ondjafa,,ondjafa,,
,ondjeva,onyoka,ondiwi,onyoka,,ondjeva,,
,ovanyasha,aanyasha,aanyasha,aanyasha,aanyasha,ovanyasha,,
,ombidi,omboga,omboga,ombivi,omboga,ombidi,,
,oshipale,oshipale,olupale,oshipale,,oshipale,,
,oshikundu,ontaku,ontaku,oshikundu,,oshikundu,,
,eendjovo,oohapu,eehapu,eehapu,eehapu,Eendjovo,,
,ombelela,onyama,onyama,ombelela,,eembelela,,
,oshikuusinga,oshikuusinga,oshikuusinga,oshikuusinga,,oshiwilo,,
,omweelo,eelo,omweelo,omweelo,,omuvelo,,
,okandolo,okamanga,okamanga,okamanga,,Odolo,,
,eedhingu,oodhingu,eedingu,eevingu,,eedingu,,
,omwayi,omwayi,omwayi,omwai,,omwayi,,
,oshituthi,Oituthi,oshituthi,oshitufi,,oshituthi,oshitufi,oshituthi
,elimha,oshikule,elima,elima,,elima,elima,
,omazinyo,omazinyo,omazinyo,omainyo,,,,
,ekuva,ekwiya,ekuya,ekwiya,,,,
,ofulunga,,ofulunga,ofulunga,,,,
,okuyoga,okuyoga,okukosha,okukoha,,,,
,okunyola,okunyola,okuyoga,okushanga,,okukosha,,
,eeshongo,eehongo,eeshongo,eehogo,,,,